{
  "Use Non-ASCII Font" : false,
  "Tags" : [

  ],
  "Ansi 12 Color" : {
    "Red Component" : 0.62745099999999998,
    "Color Space" : "sRGB",
    "Blue Component" : 0.57647060000000006,
    "Green Component" : 0.62352943000000005
  },
  "Ansi 7 Color" : {
    "Red Component" : 0.82745100000000005,
    "Color Space" : "sRGB",
    "Blue Component" : 0.78431373999999998,
    "Green Component" : 0.81568629999999998
  },
  "Ansi 8 Color" : {
    "Red Component" : 0.45490195999999999,
    "Color Space" : "sRGB",
    "Blue Component" : 0.41176469999999998,
    "Green Component" : 0.4509804
  },
  "Bold Color" : {
    "Red Component" : 0.82745100000000005,
    "Color Space" : "sRGB",
    "Blue Component" : 0.78431373999999998,
    "Green Component" : 0.81568629999999998
  },
  "Ansi 9 Color" : {
    "Red Component" : 0.50189208984375,
    "Color Space" : "sRGB",
    "Blue Component" : 0.16579379048198462,
    "Alpha Component" : 1,
    "Green Component" : 0.28612529049878799
  },
  "Ansi 4 Color" : {
    "Red Component" : 0.40000000000000002,
    "Color Space" : "sRGB",
    "Blue Component" : 0.80000000000000004,
    "Green Component" : 0.59999999999999998
  },
  "Guid" : "06A32C7E-F64A-49B6-A2EA-04DCF0726CD8",
  "Rows" : 25,
  "Default Bookmark" : "No",
  "Cursor Guide Color" : {
    "Red Component" : 0.70213186740875244,
    "Color Space" : "sRGB",
    "Blue Component" : 1,
    "Alpha Component" : 0.25,
    "Green Component" : 0.9268307089805603
  },
  "Non-ASCII Anti Aliased" : true,
  "Use Bright Bold" : false,
  "Ansi 10 Color" : {
    "Red Component" : 0.22352941000000001,
    "Color Space" : "sRGB",
    "Blue Component" : 0.22352941000000001,
    "Green Component" : 0.22352941000000001
  },
  "Ambiguous Double Width" : false,
  "Jobs to Ignore" : [
    "rlogin",
    "ssh",
    "slogin",
    "telnet"
  ],
  "Ansi 15 Color" : {
    "Red Component" : 0.94901959999999996,
    "Color Space" : "sRGB",
    "Blue Component" : 0.92549020000000004,
    "Green Component" : 0.94117649999999997
  },
  "Foreground Color" : {
    "Red Component" : 0.82745100000000005,
    "Color Space" : "sRGB",
    "Blue Component" : 0.78431373999999998,
    "Green Component" : 0.81568629999999998
  },
  "Bound Hosts" : [

  ],
  "Working Directory" : "\/Users\/noahsilas",
  "Blinking Cursor" : false,
  "Disable Window Resizing" : true,
  "Sync Title" : false,
  "Prompt Before Closing 2" : false,
  "BM Growl" : true,
  "Command" : "",
  "Description" : "Default",
  "Mouse Reporting" : true,
  "Screen" : -1,
  "Selection Color" : {
    "Red Component" : 0.31764706999999998,
    "Color Space" : "sRGB",
    "Blue Component" : 0.31764706999999998,
    "Green Component" : 0.31764706999999998
  },
  "Columns" : 80,
  "Idle Code" : 0,
  "Ansi 13 Color" : {
    "Red Component" : 0.9098039,
    "Color Space" : "sRGB",
    "Blue Component" : 0.8745098,
    "Green Component" : 0.90196080000000001
  },
  "Custom Command" : "No",
  "ASCII Anti Aliased" : true,
  "Non Ascii Font" : "Monaco 12",
  "Vertical Spacing" : 1,
  "Use Bold Font" : true,
  "Option Key Sends" : 0,
  "Selected Text Color" : {
    "Red Component" : 0.82745100000000005,
    "Color Space" : "sRGB",
    "Blue Component" : 0.78431373999999998,
    "Green Component" : 0.81568629999999998
  },
  "Background Color" : {
    "Red Component" : 0.17647060000000001,
    "Color Space" : "sRGB",
    "Blue Component" : 0.17647060000000001,
    "Green Component" : 0.17647060000000001
  },
  "Character Encoding" : 4,
  "Ansi 11 Color" : {
    "Red Component" : 0.31764706999999998,
    "Color Space" : "sRGB",
    "Blue Component" : 0.31764706999999998,
    "Green Component" : 0.31764706999999998
  },
  "Use Italic Font" : true,
  "Unlimited Scrollback" : false,
  "Keyboard Map" : {
    "0xf700-0x260000" : {
      "Action" : 10,
      "Text" : "[1;6A"
    },
    "0x37-0x40000" : {
      "Action" : 11,
      "Text" : "0x1f"
    },
    "0x32-0x40000" : {
      "Action" : 11,
      "Text" : "0x00"
    },
    "0xf709-0x20000" : {
      "Action" : 10,
      "Text" : "[17;2~"
    },
    "0xf70c-0x20000" : {
      "Action" : 10,
      "Text" : "[20;2~"
    },
    "0xf729-0x20000" : {
      "Action" : 10,
      "Text" : "[1;2H"
    },
    "0xf72b-0x40000" : {
      "Action" : 10,
      "Text" : "[1;5F"
    },
    "0xf705-0x20000" : {
      "Action" : 10,
      "Text" : "[1;2Q"
    },
    "0xf703-0x260000" : {
      "Action" : 10,
      "Text" : "[1;6C"
    },
    "0xf700-0x220000" : {
      "Action" : 10,
      "Text" : "[1;2A"
    },
    "0xf701-0x280000" : {
      "Action" : 11,
      "Text" : "0x1b 0x1b 0x5b 0x42"
    },
    "0x38-0x40000" : {
      "Action" : 11,
      "Text" : "0x7f"
    },
    "0x33-0x40000" : {
      "Action" : 11,
      "Text" : "0x1b"
    },
    "0xf703-0x220000" : {
      "Action" : 10,
      "Text" : "[1;2C"
    },
    "0xf701-0x240000" : {
      "Action" : 10,
      "Text" : "[1;5B"
    },
    "0xf70d-0x20000" : {
      "Action" : 10,
      "Text" : "[21;2~"
    },
    "0xf702-0x260000" : {
      "Action" : 10,
      "Text" : "[1;6D"
    },
    "0xf729-0x40000" : {
      "Action" : 10,
      "Text" : "[1;5H"
    },
    "0xf706-0x20000" : {
      "Action" : 10,
      "Text" : "[1;2R"
    },
    "0x34-0x40000" : {
      "Action" : 11,
      "Text" : "0x1c"
    },
    "0xf700-0x280000" : {
      "Action" : 11,
      "Text" : "0x1b 0x1b 0x5b 0x41"
    },
    "0x2d-0x40000" : {
      "Action" : 11,
      "Text" : "0x1f"
    },
    "0xf70e-0x20000" : {
      "Action" : 10,
      "Text" : "[23;2~"
    },
    "0xf702-0x220000" : {
      "Action" : 10,
      "Text" : "[1;2D"
    },
    "0xf703-0x280000" : {
      "Action" : 11,
      "Text" : "0x1b 0x1b 0x5b 0x43"
    },
    "0xf700-0x240000" : {
      "Action" : 10,
      "Text" : "[1;5A"
    },
    "0xf707-0x20000" : {
      "Action" : 10,
      "Text" : "[1;2S"
    },
    "0xf70a-0x20000" : {
      "Action" : 10,
      "Text" : "[18;2~"
    },
    "0x35-0x40000" : {
      "Action" : 11,
      "Text" : "0x1d"
    },
    "0xf70f-0x20000" : {
      "Action" : 10,
      "Text" : "[24;2~"
    },
    "0xf703-0x240000" : {
      "Action" : 10,
      "Text" : "[1;5C"
    },
    "0xf701-0x260000" : {
      "Action" : 10,
      "Text" : "[1;6B"
    },
    "0xf702-0x280000" : {
      "Action" : 11,
      "Text" : "0x1b 0x1b 0x5b 0x44"
    },
    "0xf72b-0x20000" : {
      "Action" : 10,
      "Text" : "[1;2F"
    },
    "0x36-0x40000" : {
      "Action" : 11,
      "Text" : "0x1e"
    },
    "0xf708-0x20000" : {
      "Action" : 10,
      "Text" : "[15;2~"
    },
    "0xf701-0x220000" : {
      "Action" : 10,
      "Text" : "[1;2B"
    },
    "0xf70b-0x20000" : {
      "Action" : 10,
      "Text" : "[19;2~"
    },
    "0xf702-0x240000" : {
      "Action" : 10,
      "Text" : "[1;5D"
    },
    "0xf704-0x20000" : {
      "Action" : 10,
      "Text" : "[1;2P"
    }
  },
  "Window Type" : 0,
  "Background Image Location" : "",
  "Blur" : false,
  "Badge Color" : {
    "Red Component" : 1,
    "Color Space" : "sRGB",
    "Blue Component" : 0,
    "Alpha Component" : 0.5,
    "Green Component" : 0.1491314172744751
  },
  "Scrollback Lines" : 1000,
  "Send Code When Idle" : false,
  "Close Sessions On End" : true,
  "Terminal Type" : "xterm-256color",
  "Visual Bell" : true,
  "Flashing Bell" : false,
  "Silence Bell" : false,
  "Ansi 14 Color" : {
    "Red Component" : 0.82352939999999997,
    "Color Space" : "sRGB",
    "Blue Component" : 0.32549020000000001,
    "Green Component" : 0.48235294000000001
  },
  "Name" : "Eighties",
  "Cursor Text Color" : {
    "Red Component" : 0.17647060000000001,
    "Color Space" : "sRGB",
    "Blue Component" : 0.17647060000000001,
    "Green Component" : 0.17647060000000001
  },
  "Minimum Contrast" : 0.39859286221590912,
  "Shortcut" : "",
  "Cursor Color" : {
    "Red Component" : 0.82745100000000005,
    "Color Space" : "sRGB",
    "Blue Component" : 0.78431373999999998,
    "Green Component" : 0.81568629999999998
  },